accessing-other-bots-on-poe	https://creator.poe.com/docs/server-bots/accessing-other-bots-on-poe	2026-06-12
best-practice-text-generation	https://creator.poe.com/docs/prompt-bots/best-practice-text-generation	2026-06-12
best-practices-for-video-generation-prompts	https://creator.poe.com/docs/prompt-bots/best-practices-for-video-generation-prompts	2026-06-12
best-practices-image-generation-bots	https://creator.poe.com/docs/prompt-bots/best-practices-image-generation-bots	2026-06-12
canvas-app-quick-start	https://creator.poe.com/docs/canvas-apps/canvas-app-quick-start	2026-06-12
canvas-limitations	https://creator.poe.com/docs/canvas-apps/canvas-limitations	2026-06-12
creator-monetization	https://creator.poe.com/docs/resources/creator-monetization	2026-06-12
enabling-file-upload-for-your-bot	https://creator.poe.com/docs/server-bots/enabling-file-upload-for-your-bot	2026-06-12
examples	https://creator.poe.com/docs/server-bots/examples	2026-06-12
fastapi_poe-python-reference	https://creator.poe.com/docs/server-bots/fastapi_poe-python-reference	2026-06-12
frequently-asked-questions	https://creator.poe.com/docs/resources/frequently-asked-questions	2026-06-12
fundraising	https://creator.poe.com/docs/resources/fundraising	2026-06-12
how-to-contact-us	https://creator.poe.com/docs/resources/how-to-contact-us	2026-06-12
how-to-create-a-prompt-bot	https://creator.poe.com/docs/prompt-bots/how-to-create-a-prompt-bot	2026-06-12
how-to-get-distribution	https://creator.poe.com/docs/resources/how-to-get-distribution	2026-06-12
how-we-cover-your-costs	https://creator.poe.com/docs/resources/how-we-cover-your-costs	2026-06-12
poe-embed-api	https://creator.poe.com/docs/canvas-apps/poe-embed-api	2026-06-12
poe-protocol-specification	https://creator.poe.com/docs/server-bots/poe-protocol-specification	2026-06-12
quick-start	https://creator.poe.com/docs/server-bots/quick-start	2026-06-12
recommended-bot-settings	https://creator.poe.com/docs/server-bots/recommended-bot-settings	2026-06-12
rendering-an-image-in-the-response	https://creator.poe.com/docs/server-bots/rendering-an-image-in-the-response	2026-06-12
server-bots-functional-guides	https://creator.poe.com/docs/server-bots/server-bots-functional-guides	2026-06-12
setting-an-introduction-message	https://creator.poe.com/docs/server-bots/setting-an-introduction-message	2026-06-12
updating-bot-settings	https://creator.poe.com/docs/server-bots/updating-bot-settings	2026-06-12
welcome-to-poe-for-creators	https://creator.poe.com/docs/intro	2026-06-12
